{
    "attributes": {
        "dataSource.vendor": "Cloudflare",
        "dataSource.category": "security",
        "metadata.product.vendor_name": "Cloudflare",
        "metadata.version": "1.5.0"
    },
    "formats": [
        {
            "format": "$unmapped.{parse=gron}$",
            "rewrites": [
                {
                    "input": "unmapped.CreatedAt",
                    "output": "timestamp",
                    "match": ".*",
                    "replace": "$0"
                },
                {
                    "input": "unmapped.Datetime",
                    "output": "timestamp",
                    "match": ".*",
                    "replace": "$0"
                },
                {
                    "input": "unmapped.Timestamp",
                    "output": "timestamp",
                    "match": ".*",
                    "replace": "$0"
                },
                {
                    "input": "unmapped.When",
                    "output": "timestamp",
                    "match": ".*",
                    "replace": "$0"
                }
            ]
        }
    ],
    "mappings": {
        "version": 1,
        "mappings": [
            {
                "predicate": "aws contains 'access-requests'",
                "transformations": [
                    {
                        "constant": {
                            "value": "Access Requests",
                            "field": "dataSource.name"
                        }
                    },
                    {
                        "constant": {
                            "value": "Access Requests",
                            "field": "metadata.product.name"
                        }
                    },
                    {
                        "constant": {
                            "value": 3004,
                            "field": "class_uid",
                            "predicate": "unmapped.Action = 'warpEnrollment'"
                        }
                    },
                    {
                        "constant": {
                            "value": 3,
                            "field": "category_uid",
                            "predicate": "unmapped.Action = 'warpEnrollment'"
                        }
                    },
                    {
                        "constant": {
                            "value": "Entity Management",
                            "field": "class_name",
                            "predicate": "unmapped.Action = 'warpEnrollment'"
                        }
                    },
                    {
                        "constant": {
                            "value": "Identity & Access Management",
                            "field": "category_name",
                            "predicate": "unmapped.Action = 'warpEnrollment'"
                        }
                    },
                    {
                        "constant": {
                            "value": 6,
                            "field": "activity_id",
                            "predicate": "unmapped.Action = 'warpEnrollment'"
                        }
                    },
                    {
                        "constant": {
                            "value": "Enroll",
                            "field": "activity_name",
                            "predicate": "unmapped.Action = 'warpEnrollment'"
                        }
                    },
                    {
                        "constant": {
                            "value": 300406,
                            "field": "type_uid",
                            "predicate": "unmapped.Action = 'warpEnrollment'"
                        }
                    },
                    {
                        "constant": {
                            "value": "Entity Management: Enroll",
                            "field": "type_name",
                            "predicate": "unmapped.Action = 'warpEnrollment'"
                        }
                    },
                    {
                        "constant": {
                            "value": 3002,
                            "field": "class_uid"
                        }
                    },
                    {
                        "constant": {
                            "value": 3,
                            "field": "category_uid"
                        }
                    },
                    {
                        "constant": {
                            "value": "Authentication",
                            "field": "class_name"
                        }
                    },
                    {
                        "constant": {
                            "value": "Identity & Access Management",
                            "field": "category_name"
                        }
                    },
                    {
                        "constant": {
                            "value": 1,
                            "field": "activity_id",
                            "predicate": "unmapped.Action = 'login'"
                        }
                    },
                    {
                        "constant": {
                            "value": 2,
                            "field": "activity_id",
                            "predicate": "unmapped.Action = 'logout'"
                        }
                    },
                    {
                        "constant": {
                            "value": 99,
                            "field": "activity_id",
                            "predicate": "unmapped.Action = 'sso'"
                        }
                    },
                    {
                        "constant": {
                            "value": "Logon",
                            "field": "activity_name",
                            "predicate": "unmapped.Action = 'login'"
                        }
                    },
                    {
                        "constant": {
                            "value": "Logoff",
                            "field": "activity_name",
                            "predicate": "unmapped.Action = 'logout'"
                        }
                    },
                    {
                        "copy": {
                            "from": "unmapped.Action",
                            "to": "activity_name",
                            "predicate": "unmapped.Action = 'sso'"
                        }
                    },
                    {
                        "constant": {
                            "value": 300201,
                            "field": "type_uid",
                            "predicate": "unmapped.Action = 'login'"
                        }
                    },
                    {
                        "constant": {
                            "value": 300202,
                            "field": "type_uid",
                            "predicate": "unmapped.Action = 'logout'"
                        }
                    },
                    {
                        "constant": {
                            "value": 300299,
                            "field": "type_uid",
                            "predicate": "unmapped.Action = 'sso'"
                        }
                    },
                    {
                        "constant": {
                            "value": "Authentication: Logon",
                            "field": "type_name",
                            "predicate": "unmapped.Action = 'login'"
                        }
                    },
                    {
                        "constant": {
                            "value": "Authentication: Logoff",
                            "field": "type_name",
                            "predicate": "unmapped.Action = 'logout'"
                        }
                    },
                    {
                        "constant": {
                            "value": "Authentication: Other",
                            "field": "type_name",
                            "predicate": "unmapped.Action = 'sso'"
                        }
                    },
                    {
                        "constant": {
                            "value": 1,
                            "field": "status_id",
                            "predicate": "unmapped.Allowed = true"
                        }
                    },
                    {
                        "constant": {
                            "value": 2,
                            "field": "status_id",
                            "predicate": "unmapped.Allowed = false"
                        }
                    },
                    {
                        "constant": {
                            "value": 99,
                            "field": "severity_id"
                        }
                    },
                    {
                        "rename": {
                            "from": "unmapped.AppUUID",
                            "to": "actor.app_uid"
                        }
                    },
                    {
                        "copy": {
                            "from": "unmapped.AppDomain",
                            "to": "actor.app_name"
                        }
                    },
                    {
                        "rename": {
                            "from": "unmapped.Email",
                            "to": "actor.user.email_addr"
                        }
                    },
                    {
                        "rename": {
                            "from": "unmapped.UserUID",
                            "to": "actor.user.uid"
                        }
                    },
                    {
                        "rename": {
                            "from": "unmapped.IPAddress",
                            "to": "src_endpoint.ip"
                        }
                    },
                    {
                        "rename": {
                            "from": "unmapped.CreatedAt",
                            "to": "time"
                        }
                    },
                    {
                        "cast": {
                            "field": "time",
                            "type": "iso8601TimestampToEpochSec"
                        }
                    }
                ]
            },
            {
                "predicate": "aws contains 'gateway-http'",
                "transformations": [
                    {
                        "constant": {
                            "value": "Gateway HTTP",
                            "field": "dataSource.name"
                        }
                    },
                    {
                        "constant": {
                            "value": "Gateway HTTP",
                            "field": "metadata.product.name"
                        }
                    },
                    {
                        "constant": {
                            "value": 4002,
                            "field": "class_uid"
                        }
                    },
                    {
                        "constant": {
                            "value": 4,
                            "field": "category_uid"
                        }
                    },
                    {
                        "constant": {
                            "value": "HTTP Activity",
                            "field": "class_name"
                        }
                    },
                    {
                        "constant": {
                            "value": "Network Activity",
                            "field": "category_name"
                        }
                    },
                    {
                        "constant": {
                            "value": 99,
                            "field": "activity_id"
                        }
                    },
                    {
                        "copy": {
                            "from": "unmapped.Action",
                            "to": "activity_name"
                        }
                    },
                    {
                        "constant": {
                            "value": 400299,
                            "field": "type_uid"
                        }
                    },
                    {
                        "constant": {
                            "value": 99,
                            "field": "severity_id"
                        }
                    },
                    {
                        "rename": {
                            "from": "unmapped.HTTPHost",
                            "to": "http_request.url.hostname"
                        }
                    },
                    {
                        "rename": {
                            "from": "unmapped.URL",
                            "to": "http_request.url.url_string"
                        }
                    },
                    {
                        "rename": {
                            "from": "unmapped.HTTPMethod",
                            "to": "http_request.http_method"
                        }
                    },
                    {
                        "rename": {
                            "from": "unmapped.HTTPVersion",
                            "to": "http_request.version"
                        }
                    },
                    {
                        "rename": {
                            "from": "unmapped.HTTPStatusCode",
                            "to": "http_response.code"
                        }
                    },
                    {
                        "rename": {
                            "from": "unmapped.SourceIP",
                            "to": "src_endpoint.ip"
                        }
                    },
                    {
                        "rename": {
                            "from": "unmapped.SourcePort",
                            "to": "src_endpoint.port"
                        }
                    },
                    {
                        "rename": {
                            "from": "unmapped.DeviceID",
                            "to": "src_endpoint.uid"
                        }
                    },
                    {
                        "rename": {
                            "from": "unmapped.DeviceName",
                            "to": "src_endpoint.name"
                        }
                    },
                    {
                        "rename": {
                            "from": "unmapped.DestinationIP",
                            "to": "dst_endpoint.ip"
                        }
                    },
                    {
                        "rename": {
                            "from": "unmapped.DestinationPort",
                            "to": "dst_endpoint.port"
                        }
                    },
                    {
                        "rename": {
                            "from": "unmapped.Datetime",
                            "to": "time"
                        }
                    },
                    {
                        "cast": {
                            "field": "time",
                            "type": "iso8601TimestampToEpochSec"
                        }
                    },
                    {
                        "constant": {
                            "value": "Host",
                            "field": "metadata.profiles[0]"
                        }
                    },
                    {
                        "rename": {
                            "from": "unmapped.Email",
                            "to": "actor.user.email_addr"
                        }
                    },
                    {
                        "copy": {
                            "from": "actor.user.email_addr",
                            "to": "actor.user.name"
                        }
                    },
                    {
                        "replace": {
                            "field": "actor.user.name",
                            "regexp": "(.*?)@(.*)",
                            "replacement": "$1"
                        }
                    },
                    {
                        "copy": {
                            "from": "actor.user.email_addr",
                            "to": "actor.user.domain"
                        }
                    },
                    {
                        "replace": {
                            "field": "actor.user.domain",
                            "regexp": "(.*?)@(.*)",
                            "replacement": "$2"
                        }
                    },
                    {
                        "rename": {
                            "from": "unmapped.UserID",
                            "to": "actor.user.uid"
                        }
                    }
                ]
            },
            {
                "predicate": "aws contains 'gateway-network'",
                "transformations": [
                    {
                        "constant": {
                            "value": "Gateway Network",
                            "field": "dataSource.name"
                        }
                    },
                    {
                        "constant": {
                            "value": "Gateway Network",
                            "field": "metadata.product.name"
                        }
                    },
                    {
                        "constant": {
                            "value": 4001,
                            "field": "class_uid"
                        }
                    },
                    {
                        "constant": {
                            "value": 4,
                            "field": "category_uid"
                        }
                    },
                    {
                        "constant": {
                            "value": "Network Activity",
                            "field": "class_name"
                        }
                    },
                    {
                        "constant": {
                            "value": "Network Activity",
                            "field": "category_name"
                        }
                    },
                    {
                        "constant": {
                            "value": 99,
                            "field": "activity_id"
                        }
                    },
                    {
                        "copy": {
                            "from": "unmapped.Action",
                            "to": "activity_name"
                        }
                    },
                    {
                        "constant": {
                            "value": 400199,
                            "field": "type_uid"
                        }
                    },
                    {
                        "constant": {
                            "value": 99,
                            "field": "severity_id"
                        }
                    },
                    {
                        "rename": {
                            "from": "unmapped.SourceIP",
                            "to": "src_endpoint.ip"
                        }
                    },
                    {
                        "rename": {
                            "from": "unmapped.SourcePort",
                            "to": "src_endpoint.port"
                        }
                    },
                    {
                        "rename": {
                            "from": "unmapped.DeviceID",
                            "to": "src_endpoint.uid"
                        }
                    },
                    {
                        "rename": {
                            "from": "unmapped.DeviceName",
                            "to": "src_endpoint.name"
                        }
                    },
                    {
                        "rename": {
                            "from": "unmapped.DestinationIP",
                            "to": "dst_endpoint.ip"
                        }
                    },
                    {
                        "rename": {
                            "from": "unmapped.DestinationPort",
                            "to": "dst_endpoint.port"
                        }
                    },
                    {
                        "rename": {
                            "from": "unmapped.Datetime",
                            "to": "time"
                        }
                    },
                    {
                        "cast": {
                            "field": "time",
                            "type": "iso8601TimestampToEpochSec"
                        }
                    },
                    {
                        "constant": {
                            "value": "Host",
                            "field": "metadata.profiles[0]"
                        }
                    },
                    {
                        "rename": {
                            "from": "unmapped.Email",
                            "to": "actor.user.email_addr"
                        }
                    },
                    {
                        "copy": {
                            "from": "actor.user.email_addr",
                            "to": "actor.user.name"
                        }
                    },
                    {
                        "replace": {
                            "field": "actor.user.name",
                            "regexp": "(.*?)@(.*)",
                            "replacement": "$1"
                        }
                    },
                    {
                        "copy": {
                            "from": "actor.user.email_addr",
                            "to": "actor.user.domain"
                        }
                    },
                    {
                        "replace": {
                            "field": "actor.user.domain",
                            "regexp": "(.*?)@(.*)",
                            "replacement": "$2"
                        }
                    },
                    {
                        "rename": {
                            "from": "unmapped.UserID",
                            "to": "actor.user.uid"
                        }
                    }
                ]
            },
            {
                "predicate": "aws contains 'device-posture'",
                "transformations": [
                    {
                        "constant": {
                            "value": "Device Posture",
                            "field": "dataSource.name"
                        }
                    },
                    {
                        "constant": {
                            "value": "Device Posture",
                            "field": "metadata.product.name"
                        }
                    },
                    {
                        "constant": {
                            "value": 5001,
                            "field": "class_uid"
                        }
                    },
                    {
                        "constant": {
                            "value": 5,
                            "field": "category_uid"
                        }
                    },
                    {
                        "constant": {
                            "value": "Device Inventory Info",
                            "field": "class_name"
                        }
                    },
                    {
                        "constant": {
                            "value": "Discovery",
                            "field": "category_name"
                        }
                    },
                    {
                        "constant": {
                            "value": 2,
                            "field": "activity_id"
                        }
                    },
                    {
                        "constant": {
                            "value": "Collect",
                            "field": "activity_name"
                        }
                    },
                    {
                        "constant": {
                            "value": 500102,
                            "field": "type_uid"
                        }
                    },
                    {
                        "constant": {
                            "value": "Device Inventory Info: Collect",
                            "field": "type_name"
                        }
                    },
                    {
                        "constant": {
                            "value": 99,
                            "field": "severity_id"
                        }
                    },
                    {
                        "rename": {
                            "from": "unmapped.Timestamp",
                            "to": "time"
                        }
                    },
                    {
                        "cast": {
                            "field": "time",
                            "type": "iso8601TimestampToEpochSec"
                        }
                    },
                    {
                        "rename": {
                            "from": "unmapped.DeviceID",
                            "to": "device.uid"
                        }
                    },
                    {
                        "rename": {
                            "from": "unmapped.DeviceName",
                            "to": "device.name"
                        }
                    },
                    {
                        "rename": {
                            "from": "unmapped.DeviceManufacturer",
                            "to": "device.manufacturer"
                        }
                    },
                    {
                        "rename": {
                            "from": "unmapped.DeviceModel",
                            "to": "device.model"
                        }
                    },
                    {
                        "rename": {
                            "from": "unmapped.DeviceSerialNumber",
                            "to": "device.hw_info.serial_number"
                        }
                    },
                    {
                        "rename": {
                            "from": "unmapped.DeviceType",
                            "to": "device.os.type"
                        }
                    },
                    {
                        "rename": {
                            "from": "unmapped.OSVersion",
                            "to": "device.os.version"
                        }
                    },
                    {
                        "rename": {
                            "from": "unmapped.Email",
                            "to": "device.owner.email_addr"
                        }
                    },
                    {
                        "copy": {
                            "from": "device.owner.email_addr",
                            "to": "device.owner.name"
                        }
                    },
                    {
                        "replace": {
                            "field": "device.owner.name",
                            "regexp": "(.*?)@(.*)",
                            "replacement": "$1"
                        }
                    },
                    {
                        "copy": {
                            "from": "device.owner.email_addr",
                            "to": "device.owner.domain"
                        }
                    },
                    {
                        "replace": {
                            "field": "device.owner.domain",
                            "regexp": "(.*?)@(.*)",
                            "replacement": "$2"
                        }
                    },
                    {
                        "replace": {
                            "field": "device.owner.name",
                            "regexp": "(.*?)@.*",
                            "replacement": "$1"
                        }
                    },
                    {
                        "constant": {
                            "value": 100,
                            "field": "device.os.type_id",
                            "predicate": "device.os.type = 'windows'"
                        }
                    },
                    {
                        "constant": {
                            "value": 300,
                            "field": "device.os.type_id",
                            "predicate": "device.os.type = 'mac'"
                        }
                    },
                    {
                        "constant": {
                            "value": 301,
                            "field": "device.os.type_id",
                            "predicate": "device.os.type = 'ios'"
                        }
                    }
                ]
            },
            {
                "predicate": "aws contains 'gateway-dns'",
                "transformations": [
                    {
                        "constant": {
                            "value": "Gateway DNS",
                            "field": "dataSource.name"
                        }
                    },
                    {
                        "constant": {
                            "value": "Gateway DNS",
                            "field": "metadata.product.name"
                        }
                    },
                    {
                        "constant": {
                            "value": 4003,
                            "field": "class_uid"
                        }
                    },
                    {
                        "constant": {
                            "value": 4,
                            "field": "category_uid"
                        }
                    },
                    {
                        "constant": {
                            "value": "DNS Activity",
                            "field": "class_name"
                        }
                    },
                    {
                        "constant": {
                            "value": "Network Activity",
                            "field": "category_name"
                        }
                    },
                    {
                        "constant": {
                            "value": 1,
                            "field": "activity_id"
                        }
                    },
                    {
                        "constant": {
                            "value": "Query",
                            "field": "activity_name"
                        }
                    },
                    {
                        "constant": {
                            "value": 400301,
                            "field": "type_uid"
                        }
                    },
                    {
                        "constant": {
                            "value": 99,
                            "field": "severity_id"
                        }
                    },
                    {
                        "rename": {
                            "from": "unmapped.SrcIP",
                            "to": "src_endpoint.ip"
                        }
                    },
                    {
                        "rename": {
                            "from": "unmapped.SrcPort",
                            "to": "src_endpoint.port"
                        }
                    },
                    {
                        "rename": {
                            "from": "unmapped.DeviceID",
                            "to": "src_endpoint.uid"
                        }
                    },
                    {
                        "rename": {
                            "from": "unmapped.DeviceName",
                            "to": "src_endpoint.name"
                        }
                    },
                    {
                        "rename": {
                            "from": "unmapped.DstIP",
                            "to": "dst_endpoint.ip"
                        }
                    },
                    {
                        "rename": {
                            "from": "unmapped.DstPort",
                            "to": "dst_endpoint.port"
                        }
                    },
                    {
                        "rename": {
                            "from": "unmapped.Datetime",
                            "to": "time"
                        }
                    },
                    {
                        "cast": {
                            "field": "time",
                            "type": "iso8601TimestampToEpochSec"
                        }
                    },
                    {
                        "rename": {
                            "from": "unmapped.RCode",
                            "to": "rcode_id"
                        }
                    },
                    {
                        "rename": {
                            "from": "unmapped.QueryName",
                            "to": "query.hostname"
                        }
                    },
                    {
                        "rename": {
                            "from": "unmapped.QueryTypeName",
                            "to": "query.type"
                        }
                    },
                    {
                        "rename_tree": {
                            "from": "unmapped.RData",
                            "to": "answers"
                        }
                    },
                    {
                        "rename": {
                            "from": "answers[*].data",
                            "to": "answers[*].rdata"
                        }
                    },
                    {
                        "constant": {
                            "value": "Host",
                            "field": "metadata.profiles[0]"
                        }
                    },
                    {
                        "rename": {
                            "from": "unmapped.Email",
                            "to": "actor.user.email_addr"
                        }
                    },
                    {
                        "copy": {
                            "from": "actor.user.email_addr",
                            "to": "actor.user.name"
                        }
                    },
                    {
                        "replace": {
                            "field": "actor.user.name",
                            "regexp": "(.*?)@(.*)",
                            "replacement": "$1"
                        }
                    },
                    {
                        "copy": {
                            "from": "actor.user.email_addr",
                            "to": "actor.user.domain"
                        }
                    },
                    {
                        "replace": {
                            "field": "actor.user.domain",
                            "regexp": "(.*?)@(.*)",
                            "replacement": "$2"
                        }
                    },
                    {
                        "rename": {
                            "from": "unmapped.UserID",
                            "to": "actor.user.uid"
                        }
                    }
                ]
            },
            {
                "predicate": "aws contains 'audit-logs'",
                "transformations": [
                    {
                        "constant": {
                            "value": "Audit Logs",
                            "field": "dataSource.name"
                        }
                    },
                    {
                        "constant": {
                            "value": "Audit Logs",
                            "field": "metadata.product.name"
                        }
                    },
                    {
                        "constant": {
                            "value": 3004,
                            "field": "class_uid"
                        }
                    },
                    {
                        "constant": {
                            "value": 3,
                            "field": "category_uid"
                        }
                    },
                    {
                        "constant": {
                            "value": "Entity Management",
                            "field": "class_name"
                        }
                    },
                    {
                        "constant": {
                            "value": "Identity & Access Management",
                            "field": "category_name"
                        }
                    },
                    {
                        "constant": {
                            "value": 3,
                            "field": "activity_id",
                            "predicate": "unmapped.ActionType contains 'update'"
                        }
                    },
                    {
                        "constant": {
                            "value": "Update",
                            "field": "activity_name",
                            "predicate": "unmapped.ActionType contains 'update'"
                        }
                    },
                    {
                        "constant": {
                            "value": 300403,
                            "field": "type_uid",
                            "predicate": "unmapped.ActionType contains 'update'"
                        }
                    },
                    {
                        "constant": {
                            "value": "Entity Management: Update",
                            "field": "type_name",
                            "predicate": "unmapped.ActionType contains 'update'"
                        }
                    },
                    {
                        "constant": {
                            "value": 1,
                            "field": "activity_id",
                            "predicate": "unmapped.ActionType contains 'create'"
                        }
                    },
                    {
                        "constant": {
                            "value": "Create",
                            "field": "activity_name",
                            "predicate": "unmapped.ActionType contains 'create'"
                        }
                    },
                    {
                        "constant": {
                            "value": 300401,
                            "field": "type_uid",
                            "predicate": "unmapped.ActionType contains 'create'"
                        }
                    },
                    {
                        "constant": {
                            "value": "Entity Management: Create",
                            "field": "type_name",
                            "predicate": "unmapped.ActionType contains 'create'"
                        }
                    },
                    {
                        "constant": {
                            "value": 4,
                            "field": "activity_id",
                            "predicate": "unmapped.ActionType contains 'delete'"
                        }
                    },
                    {
                        "constant": {
                            "value": "Delete",
                            "field": "activity_name",
                            "predicate": "unmapped.ActionType contains 'delete'"
                        }
                    },
                    {
                        "constant": {
                            "value": 300404,
                            "field": "type_uid",
                            "predicate": "unmapped.ActionType contains 'delete'"
                        }
                    },
                    {
                        "constant": {
                            "value": "Entity Management: Delete",
                            "field": "type_name",
                            "predicate": "unmapped.ActionType contains 'delete'"
                        }
                    },
                    {
                        "constant": {
                            "value": 12,
                            "field": "activity_id",
                            "predicate": "unmapped.ActionType contains 'revoke'"
                        }
                    },
                    {
                        "constant": {
                            "value": "Suspend",
                            "field": "activity_name",
                            "predicate": "unmapped.ActionType contains 'revoke'"
                        }
                    },
                    {
                        "constant": {
                            "value": 300412,
                            "field": "type_uid",
                            "predicate": "unmapped.ActionType contains 'revoke'"
                        }
                    },
                    {
                        "constant": {
                            "value": "Entity Management: Suspend",
                            "field": "type_name",
                            "predicate": "unmapped.ActionType contains 'revoke'"
                        }
                    },
                    {
                        "constant": {
                            "value": 99,
                            "field": "activity_id",
                            "predicate": "not (activity_id = *)"
                        }
                    },
                    {
                        "copy": {
                            "from": "unmapped.ActionType",
                            "to": "activity_name",
                            "predicate": "not (activity_name = *)"
                        }
                    },
                    {
                        "constant": {
                            "value": 300499,
                            "field": "type_uid",
                            "predicate": "not (type_uid = *)"
                        }
                    },
                    {
                        "constant": {
                            "value": "Entity Management: Other",
                            "field": "type_name",
                            "predicate": "not (type_name = *)"
                        }
                    },
                    {
                        "constant": {
                            "value": 1,
                            "field": "status_id",
                            "predicate": "unmapped.Allowed = true"
                        }
                    },
                    {
                        "constant": {
                            "value": 2,
                            "field": "status_id",
                            "predicate": "unmapped.Allowed = false"
                        }
                    },
                    {
                        "constant": {
                            "value": 99,
                            "field": "severity_id"
                        }
                    },
                    {
                        "rename": {
                            "from": "unmapped.Email",
                            "to": "actor.user.email_addr"
                        }
                    },
                    {
                        "copy": {
                            "from": "actor.user.email_addr",
                            "to": "actor.user.name"
                        }
                    },
                    {
                        "replace": {
                            "field": "actor.user.name",
                            "regexp": "(.*?)@(.*)",
                            "replacement": "$1"
                        }
                    },
                    {
                        "copy": {
                            "from": "actor.user.email_addr",
                            "to": "actor.user.domain"
                        }
                    },
                    {
                        "replace": {
                            "field": "actor.user.domain",
                            "regexp": "(.*?)@(.*)",
                            "replacement": "$2"
                        }
                    },
                    {
                        "rename": {
                            "from": "unmapped.UserUID",
                            "to": "actor.user.uid"
                        }
                    },
                    {
                        "rename": {
                            "from": "unmapped.IPAddress",
                            "to": "src_endpoint.ip"
                        }
                    },
                    {
                        "rename": {
                            "from": "unmapped.When",
                            "to": "time"
                        }
                    },
                    {
                        "cast": {
                            "field": "time",
                            "type": "iso8601TimestampToEpochSec"
                        }
                    },
                    {
                        "rename": {
                            "from": "unmapped.ActorEmail",
                            "to": "actor.user.email_addr"
                        }
                    },
                    {
                        "rename": {
                            "from": "unmapped.ActorID",
                            "to": "actor.user.uid"
                        }
                    },
                    {
                        "rename": {
                            "from": "unmapped.ActorType",
                            "to": "actor.user.type"
                        }
                    },
                    {
                        "rename": {
                            "from": "unmapped.ActorIP",
                            "to": "src_endpoint.ip"
                        }
                    }
                ]
            }
        ]
    }
}